userid,sequence,,,,,,,,,,,,,,,,,,,,,,,,,,,,,,,,,,,,,,,,,,,,,,,,,,,,,,,,,,,,,,,,,,,,,,,,,,,,,,,,,,,,,,,,,,,,,,,,,,,,,,,,,,,,,,,,,,,,,,,,,,,,,,,,,,,,,,,,,,,,,,,,,,,,,,,,,,,,,,,,,,,,,,,,,,,,,,,,,,,,,,,,,,,,,,,,,,,,,,,,,,,,
103042100,O,N,N,N,N,,,,,,,,,,,,,,,,,,,,,,,,,,,,,,,,,,,,,,,,,,,,,,,,,,,,,,,,,,,,,,,,,,,,,,,,,,,,,,,,,,,,,,,,,,,,,,,,,,,,,,,,,,,,,,,,,,,,,,,,,,,,,,,,,,,,,,,,,,,,,,,,,,,,,,,,,,,,,,,,,,,,,,,,,,,,,,,,,,,,,,,,,,,,,,,,,,,,,,,,
103042100,O,N,N,N,,,,,,,,,,,,,,,,,,,,,,,,,,,,,,,,,,,,,,,,,,,,,,,,,,,,,,,,,,,,,,,,,,,,,,,,,,,,,,,,,,,,,,,,,,,,,,,,,,,,,,,,,,,,,,,,,,,,,,,,,,,,,,,,,,,,,,,,,,,,,,,,,,,,,,,,,,,,,,,,,,,,,,,,,,,,,,,,,,,,,,,,,,,,,,,,,,,,,,,,,
103042100,O,N,N,N,N,N,,,,,,,,,,,,,,,,,,,,,,,,,,,,,,,,,,,,,,,,,,,,,,,,,,,,,,,,,,,,,,,,,,,,,,,,,,,,,,,,,,,,,,,,,,,,,,,,,,,,,,,,,,,,,,,,,,,,,,,,,,,,,,,,,,,,,,,,,,,,,,,,,,,,,,,,,,,,,,,,,,,,,,,,,,,,,,,,,,,,,,,,,,,,,,,,,,,,,,,
103042100,O,N,N,N,N,N,N,N,N,N,N,N,N,N,N,N,N,N,AB,N,N,N,N,N,N,N,N,N,N,N,N,N,N,N,N,N,N,N,N,N,N,N,N,N,N,N,N,N,N,N,N,PJ,PJ,PJ,AB,PJ,PJ,PJ,PJ,PJ,PJ,PJ,PJ,PJ,PJ,PJ,PJ,PJ,PJ,PJ,PJ,PJ,AB,PJ,PJ,PJ,PJ,AB,PJ,PJ,PJ,PJ,PJ,AB,C,,,,,,,,,,,,,,,,,,,,,,,,,,,,,,,,,,,,,,,,,,,,,,,,,,,,,,,,,,,,,,,,,,,,,,,,,,,,,,,,,,,,,,,,,,,,,,,,,,,,,,,,,,,,,,,,,,,,,,,,
103042100,O,N,N,N,AB,N,N,N,AB,N,N,N,AB,BJ,C,BJ,BJ,,,,,,,,,,,,,,,,,,,,,,,,,,,,,,,,,,,,,,,,,,,,,,,,,,,,,,,,,,,,,,,,,,,,,,,,,,,,,,,,,,,,,,,,,,,,,,,,,,,,,,,,,,,,,,,,,,,,,,,,,,,,,,,,,,,,,,,,,,,,,,,,,,,,,,,,,,,,,,,,,,,,,,,,,,,,,,,,,,,,,,,,,,,,
103042100,O,N,N,N,AMa,AMa,AMa,N,N,P,N,N,N,P,AB,N,N,N,N,N,P,P,P,N,N,N,N,N,N,N,AB,N,N,N,AMa,N,N,N,N,N,N,N,N,N,N,N,N,AB,P,N,N,N,AB,N,N,N,P,AB,N,N,N,N,N,N,N,P,AB,N,N,N,P,N,N,N,N,P,AMa,N,N,N,N,N,N,N,N,N,N,N,N,N,N,N,N,N,N,N,N,N,N,N,,,,,,,,,,,,,,,,,,,,,,,,,,,,,,,,,,,,,,,,,,,,,,,,,,,,,,,,,,,,,,,,,,,,,,,,,,,,,,,,,,,,,,,,,,,,,,,,,,,,,,,,,
103042100,O,N,N,N,N,N,N,N,N,N,N,N,N,N,P,P,P,P,P,P,P,P,P,P,P,P,P,N,N,N,N,N,N,N,N,N,N,N,,,,,,,,,,,,,,,,,,,,,,,,,,,,,,,,,,,,,,,,,,,,,,,,,,,,,,,,,,,,,,,,,,,,,,,,,,,,,,,,,,,,,,,,,,,,,,,,,,,,,,,,,,,,,,,,,,,,,,,,,,,,,,,,,,,,,,,,,,,,,,,,,,,,,,,,,,,,,,,,,,,,,,,
103042100,O,N,N,N,N,N,N,N,N,N,N,N,N,N,N,N,N,N,N,N,N,N,N,N,N,N,PJ,N,AMa,AMa,N,AMa,N,N,P,P,N,N,N,N,N,N,N,N,N,N,N,P,P,P,P,P,P,P,P,P,P,S,P,P,P,P,P,P,P,N,N,N,N,N,N,AMa,N,AMa,AMe,CMe,CMe,CMe,N,P,P,CMe,N,N,N,N,AMa,AMa,AMe,N,AMa,AMe,N,AB,N,N,AB,AMe,N,AB,N,N,N,N,N,AMe,N,N,N,C,,,,,,,,,,,,,,,,,,,,,,,,,,,,,,,,,,,,,,,,,,,,,,,,,,,,,,,,,,,,,,,,,,,,,,,,,,,,,,,,,,,,,,,,,,,,,,,
103042100,O,C,,,,,,,,,,,,,,,,,,,,,,,,,,,,,,,,,,,,,,,,,,,,,,,,,,,,,,,,,,,,,,,,,,,,,,,,,,,,,,,,,,,,,,,,,,,,,,,,,,,,,,,,,,,,,,,,,,,,,,,,,,,,,,,,,,,,,,,,,,,,,,,,,,,,,,,,,,,,,,,,,,,,,,,,,,,,,,,,,,,,,,,,,,,,,,,,,,,,,,,,,,,
103042100,O,N,AMe,CMe,CMe,N,N,AMa,DMa,AMa,P,P,AB,N,N,N,N,P,AB,N,P,N,N,N,N,P,P,N,N,AB,N,P,P,N,N,P,P,P,N,AB,P,P,BJ,N,N,N,N,N,N,N,N,AMa,N,N,N,P,P,P,N,N,N,P,AMa,AMa,N,N,P,AB,N,AMa,N,N,N,N,PJ,PJ,AMa,P,P,P,P,P,P,P,P,P,P,P,P,P,P,P,P,P,P,AMe,N,P,CMe,CMe,P,AMa,P,P,P,AMa,P,P,P,P,P,S,S,S,S,S,SJ,AMa,P,P,P,P,P,P,P,P,P,P,P,P,AMa,P,P,N,AB,P,P,P,P,P,P,P,P,P,P,N,N,N,AB,P,P,P,P,P,P,P,P,N,N,P,N,P,AB,N,P,N,AB,P,P,P,P,P,P,P,P,N,N,N,N,N,AMa,BJ,BJ,BJ,BJ,BJ,BJ,BJ,BJ,BJ,BJ,BJ,BJ,BJ,DB,BJ,DB,BJ,BJ,PJ,P,P,P,P,P
103042100,O,C,,,,,,,,,,,,,,,,,,,,,,,,,,,,,,,,,,,,,,,,,,,,,,,,,,,,,,,,,,,,,,,,,,,,,,,,,,,,,,,,,,,,,,,,,,,,,,,,,,,,,,,,,,,,,,,,,,,,,,,,,,,,,,,,,,,,,,,,,,,,,,,,,,,,,,,,,,,,,,,,,,,,,,,,,,,,,,,,,,,,,,,,,,,,,,,,,,,,,,,,,,,
103042100,O,C,,,,,,,,,,,,,,,,,,,,,,,,,,,,,,,,,,,,,,,,,,,,,,,,,,,,,,,,,,,,,,,,,,,,,,,,,,,,,,,,,,,,,,,,,,,,,,,,,,,,,,,,,,,,,,,,,,,,,,,,,,,,,,,,,,,,,,,,,,,,,,,,,,,,,,,,,,,,,,,,,,,,,,,,,,,,,,,,,,,,,,,,,,,,,,,,,,,,,,,,,,,
103042100,O,N,AMa,N,P,N,N,N,N,N,N,N,N,N,P,P,P,P,P,P,P,P,P,P,N,N,N,P,P,N,N,N,P,N,N,AB,N,N,N,AMa,AMa,AB,N,N,N,N,AMa,N,P,N,AB,P,AMe,N,N,N,AMa,DMa,AMa,N,N,AB,AMa,N,AB,N,N,AB,N,N,N,N,N,P,AMa,N,N,N,N,N,N,AMa,N,N,N,AMa,N,N,N,AB,N,N,P,AB,N,N,AMa,N,N,N,AB,N,N,N,AB,N,AMa,AMa,N,N,N,N,N,N,AB,N,N,N,N,N,N,N,N,N,N,,,,,,,,,,,,,,,,,,,,,,,,,,,,,,,,,,,,,,,,,,,,,,,,,,,,,,,,,,,,,,,,,,,,,,,,,,,,,,,,
103042100,O,N,N,N,N,N,N,N,N,N,N,P,P,AB,P,AMa,N,N,N,N,N,N,N,N,N,N,N,AB,N,N,N,N,N,N,PJ,N,N,N,N,N,N,N,N,N,AMa,N,N,N,N,N,AMa,N,N,N,AMa,N,N,N,N,,,,,,,,,,,,,,,,,,,,,,,,,,,,,,,,,,,,,,,,,,,,,,,,,,,,,,,,,,,,,,,,,,,,,,,,,,,,,,,,,,,,,,,,,,,,,,,,,,,,,,,,,,,,,,,,,,,,,,,,,,,,,,,,,,,,,,,,,,,,,,,,,,
106013026,O,N,N,N,N,N,P,P,N,P,P,P,P,N,AMa,DMa,AMa,DMa,,,,,,,,,,,,,,,,,,,,,,,,,,,,,,,,,,,,,,,,,,,,,,,,,,,,,,,,,,,,,,,,,,,,,,,,,,,,,,,,,,,,,,,,,,,,,,,,,,,,,,,,,,,,,,,,,,,,,,,,,,,,,,,,,,,,,,,,,,,,,,,,,,,,,,,,,,,,,,,,,,,,,,,,,,,,,,,,,,,,,,,,,,,
106013026,O,N,AMa,DMa,AMa,N,N,N,AMa,AMa,AMa,AMa,AMa,AMa,AMa,AMa,N,N,P,P,P,P,N,N,N,N,N,N,P,N,AB,N,AB,N,AMa,N,BJ,N,N,N,N,N,P,N,N,AMa,DMa,AMa,N,P,P,N,N,AMa,AMa,N,N,N,N,N,AB,N,N,AMa,N,N,AMa,N,AB,N,N,AMa,AMa,N,N,N,N,N,N,N,N,AB,AMa,AMa,AMa,AMa,AMa,DMa,AMa,N,AB,,,,,,,,,,,,,,,,,,,,,,,,,,,,,,,,,,,,,,,,,,,,,,,,,,,,,,,,,,,,,,,,,,,,,,,,,,,,,,,,,,,,,,,,,,,,,,,,,,,,,,,,,,,,,,,,,,
106013026,O,N,N,N,N,P,P,P,P,N,N,N,P,N,N,N,N,AMa,N,N,N,N,AMa,N,AB,N,N,N,AMa,N,N,AB,N,N,N,N,N,N,N,N,N,N,N,N,N,N,N,N,N,C,,,,,,,,,,,,,,,,,,,,,,,,,,,,,,,,,,,,,,,,,,,,,,,,,,,,,,,,,,,,,,,,,,,,,,,,,,,,,,,,,,,,,,,,,,,,,,,,,,,,,,,,,,,,,,,,,,,,,,,,,,,,,,,,,,,,,,,,,,,,,,,,,,,,,,,,,,,
106013026,O,C,,,,,,,,,,,,,,,,,,,,,,,,,,,,,,,,,,,,,,,,,,,,,,,,,,,,,,,,,,,,,,,,,,,,,,,,,,,,,,,,,,,,,,,,,,,,,,,,,,,,,,,,,,,,,,,,,,,,,,,,,,,,,,,,,,,,,,,,,,,,,,,,,,,,,,,,,,,,,,,,,,,,,,,,,,,,,,,,,,,,,,,,,,,,,,,,,,,,,,,,,,,
106013026,O,N,P,N,N,AMa,AMa,AMa,N,C,C,,,,,,,,,,,,,,,,,,,,,,,,,,,,,,,,,,,,,,,,,,,,,,,,,,,,,,,,,,,,,,,,,,,,,,,,,,,,,,,,,,,,,,,,,,,,,,,,,,,,,,,,,,,,,,,,,,,,,,,,,,,,,,,,,,,,,,,,,,,,,,,,,,,,,,,,,,,,,,,,,,,,,,,,,,,,,,,,,,,,,,,,,,,,,,,,,,
106013026,O,N,N,N,N,N,N,N,N,N,BJ,C,,,,,,,,,,,,,,,,,,,,,,,,,,,,,,,,,,,,,,,,,,,,,,,,,,,,,,,,,,,,,,,,,,,,,,,,,,,,,,,,,,,,,,,,,,,,,,,,,,,,,,,,,,,,,,,,,,,,,,,,,,,,,,,,,,,,,,,,,,,,,,,,,,,,,,,,,,,,,,,,,,,,,,,,,,,,,,,,,,,,,,,,,,,,,,,,,
106013026,O,N,AB,AMa,DB,AMa,AMa,N,N,AMa,AMa,AMa,N,N,AB,AMa,AMa,N,N,N,N,N,AB,N,N,P,N,N,N,AMa,AMa,AB,N,N,N,AB,N,N,N,N,N,AMa,N,N,AB,N,N,AB,N,N,AMa,AMa,AMa,N,N,AMa,AMa,AMa,AMa,N,N,AMa,AMe,AMa,N,N,P,N,N,AMa,N,AB,N,N,AMa,N,AMa,AMa,DMa,AMa,AMa,AMa,N,N,N,N,N,N,AB,AMa,AMa,N,AMa,DMa,AMa,N,N,N,N,AMa,AMa,AB,N,N,N,N,N,N,N,AMa,N,N,N,N,N,N,N,N,N,N,AB,N,N,AMa,C,,,,,,,,,,,,,,,,,,,,,,,,,,,,,,,,,,,,,,,,,,,,,,,,,,,,,,,,,,,,,,,,,,,,,,,,,,,,,,,,
106013026,O,N,N,AMa,AMa,N,N,AMa,AMa,N,N,N,P,P,,,,,,,,,,,,,,,,,,,,,,,,,,,,,,,,,,,,,,,,,,,,,,,,,,,,,,,,,,,,,,,,,,,,,,,,,,,,,,,,,,,,,,,,,,,,,,,,,,,,,,,,,,,,,,,,,,,,,,,,,,,,,,,,,,,,,,,,,,,,,,,,,,,,,,,,,,,,,,,,,,,,,,,,,,,,,,,,,,,,,,,,,,,,,,,
106013026,O,PJ,PJ,N,N,N,N,C,,,,,,,,,,,,,,,,,,,,,,,,,,,,,,,,,,,,,,,,,,,,,,,,,,,,,,,,,,,,,,,,,,,,,,,,,,,,,,,,,,,,,,,,,,,,,,,,,,,,,,,,,,,,,,,,,,,,,,,,,,,,,,,,,,,,,,,,,,,,,,,,,,,,,,,,,,,,,,,,,,,,,,,,,,,,,,,,,,,,,,,,,,,,,,,,,,,,,
106013026,O,P,N,N,N,N,N,,,,,,,,,,,,,,,,,,,,,,,,,,,,,,,,,,,,,,,,,,,,,,,,,,,,,,,,,,,,,,,,,,,,,,,,,,,,,,,,,,,,,,,,,,,,,,,,,,,,,,,,,,,,,,,,,,,,,,,,,,,,,,,,,,,,,,,,,,,,,,,,,,,,,,,,,,,,,,,,,,,,,,,,,,,,,,,,,,,,,,,,,,,,,,,,,,,,,,
106013519,O,N,N,N,N,N,N,N,N,N,N,N,N,,,,,,,,,,,,,,,,,,,,,,,,,,,,,,,,,,,,,,,,,,,,,,,,,,,,,,,,,,,,,,,,,,,,,,,,,,,,,,,,,,,,,,,,,,,,,,,,,,,,,,,,,,,,,,,,,,,,,,,,,,,,,,,,,,,,,,,,,,,,,,,,,,,,,,,,,,,,,,,,,,,,,,,,,,,,,,,,,,,,,,,,,,,,,,,,
106013519,O,N,N,N,N,N,N,N,N,N,,,,,,,,,,,,,,,,,,,,,,,,,,,,,,,,,,,,,,,,,,,,,,,,,,,,,,,,,,,,,,,,,,,,,,,,,,,,,,,,,,,,,,,,,,,,,,,,,,,,,,,,,,,,,,,,,,,,,,,,,,,,,,,,,,,,,,,,,,,,,,,,,,,,,,,,,,,,,,,,,,,,,,,,,,,,,,,,,,,,,,,,,,,,,,,,,,,
106013519,O,N,C,,,,,,,,,,,,,,,,,,,,,,,,,,,,,,,,,,,,,,,,,,,,,,,,,,,,,,,,,,,,,,,,,,,,,,,,,,,,,,,,,,,,,,,,,,,,,,,,,,,,,,,,,,,,,,,,,,,,,,,,,,,,,,,,,,,,,,,,,,,,,,,,,,,,,,,,,,,,,,,,,,,,,,,,,,,,,,,,,,,,,,,,,,,,,,,,,,,,,,,,,,
106013519,O,N,N,AMa,AMa,AMa,AMa,AMa,AMa,AMa,AMa,AMa,DMa,AMa,AMa,N,P,N,,,,,,,,,,,,,,,,,,,,,,,,,,,,,,,,,,,,,,,,,,,,,,,,,,,,,,,,,,,,,,,,,,,,,,,,,,,,,,,,,,,,,,,,,,,,,,,,,,,,,,,,,,,,,,,,,,,,,,,,,,,,,,,,,,,,,,,,,,,,,,,,,,,,,,,,,,,,,,,,,,,,,,,,,,,,,,,,,,,,,,,,,,,
106013519,O,N,N,N,P,N,AMa,AMa,AMa,AMa,N,N,,,,,,,,,,,,,,,,,,,,,,,,,,,,,,,,,,,,,,,,,,,,,,,,,,,,,,,,,,,,,,,,,,,,,,,,,,,,,,,,,,,,,,,,,,,,,,,,,,,,,,,,,,,,,,,,,,,,,,,,,,,,,,,,,,,,,,,,,,,,,,,,,,,,,,,,,,,,,,,,,,,,,,,,,,,,,,,,,,,,,,,,,,,,,,,,,
106013519,O,N,N,N,N,AMa,AMa,AMa,AMa,C,,,,,,,,,,,,,,,,,,,,,,,,,,,,,,,,,,,,,,,,,,,,,,,,,,,,,,,,,,,,,,,,,,,,,,,,,,,,,,,,,,,,,,,,,,,,,,,,,,,,,,,,,,,,,,,,,,,,,,,,,,,,,,,,,,,,,,,,,,,,,,,,,,,,,,,,,,,,,,,,,,,,,,,,,,,,,,,,,,,,,,,,,,,,,,,,,,,
106013519,O,N,N,N,AMa,AMa,AMa,AMa,DMa,AMa,AMa,AMa,AMa,N,N,P,AMa,AMa,AMa,AMa,AMa,AMa,AMa,AMa,AMa,N,C,,,,,,,,,,,,,,,,,,,,,,,,,,,,,,,,,,,,,,,,,,,,,,,,,,,,,,,,,,,,,,,,,,,,,,,,,,,,,,,,,,,,,,,,,,,,,,,,,,,,,,,,,,,,,,,,,,,,,,,,,,,,,,,,,,,,,,,,,,,,,,,,,,,,,,,,,,,,,,,,,,,,,,,,,,,,,,,,,,
106013519,O,N,N,N,N,N,AMa,AMa,AMa,AMa,AMa,AMa,AMa,N,,,,,,,,,,,,,,,,,,,,,,,,,,,,,,,,,,,,,,,,,,,,,,,,,,,,,,,,,,,,,,,,,,,,,,,,,,,,,,,,,,,,,,,,,,,,,,,,,,,,,,,,,,,,,,,,,,,,,,,,,,,,,,,,,,,,,,,,,,,,,,,,,,,,,,,,,,,,,,,,,,,,,,,,,,,,,,,,,,,,,,,,,,,,,,,
106013519,O,N,N,N,N,N,N,AMa,AMa,AMa,AMa,,,,,,,,,,,,,,,,,,,,,,,,,,,,,,,,,,,,,,,,,,,,,,,,,,,,,,,,,,,,,,,,,,,,,,,,,,,,,,,,,,,,,,,,,,,,,,,,,,,,,,,,,,,,,,,,,,,,,,,,,,,,,,,,,,,,,,,,,,,,,,,,,,,,,,,,,,,,,,,,,,,,,,,,,,,,,,,,,,,,,,,,,,,,,,,,,,
106013519,O,N,N,N,N,N,N,AMa,AMa,AMa,AMa,AMa,AMa,AMa,AMa,AMa,P,P,P,P,P,N,N,N,N,N,P,P,P,P,N,P,N,N,N,P,AMa,DMa,DMa,DMa,N,P,P,AMa,AMa,AMa,AMa,AMa,N,AMa,AMa,AMa,AMa,AMa,AMa,AMa,N,AMa,AMa,DMa,DMa,AMa,AMa,AMa,AMa,AMa,AMa,AMa,AMa,N,AMa,AMa,DMa,AMa,AMa,DMa,AMa,AMa,AMa,AMa,N,AMa,DMa,AMa,AMa,AMa,AMa,AMa,AMa,AMa,AMa,AMa,AMa,AMa,AMa,AMa,AMa,AMa,N,AMa,AMa,AMa,AMa,AMa,AMa,N,AMa,AMa,AMa,AMa,AMa,AMa,AMa,N,AMa,AMa,N,N,AMa,AMa,AMa,AMa,AMa,AMa,AMa,N,AMa,AMa,AMa,AMa,AMa,AMa,N,AMa,AMa,AMa,AMa,AMa,AMa,AMa,N,P,P,P,P,P,AMa,AMa,AMa,AMa,AMa,AMa,N,N,N,N,N,N,N,P,P,P,P,N,AMa,AMa,AMa,AMa,AMa,AMa,AMa,AMa,AMa,AMa,AMa,AMa,AMa,AMa,AMa,AMa,N,N,N,,,,,,,,,,,,,,,,,,,,,,
106013519,O,P,P,P,N,N,N,N,N,N,N,N,N,N,N,N,N,N,N,N,N,N,N,N,N,N,AMa,AMa,AMa,AMa,AMa,N,AMa,AMa,AMa,AMa,AMa,N,AMa,AMa,AMa,AMa,AMa,AMa,AMa,N,,,,,,,,,,,,,,,,,,,,,,,,,,,,,,,,,,,,,,,,,,,,,,,,,,,,,,,,,,,,,,,,,,,,,,,,,,,,,,,,,,,,,,,,,,,,,,,,,,,,,,,,,,,,,,,,,,,,,,,,,,,,,,,,,,,,,,,,,,,,,,,,,,,,,,,,,,,,,,,
106013519,O,AMa,AMa,AMa,N,AMa,AMa,AMa,AMa,N,AMa,N,AMa,AMa,N,AMa,AMa,N,AMa,AMa,AMa,AMa,N,AMa,AMa,AMa,N,N,AMa,AMa,N,AMa,AMa,N,AMa,AMa,AMa,AMa,N,AMa,AMa,AMa,AMa,N,AMa,DMa,AMa,AMa,AMa,AMa,N,AMa,AMa,N,AMa,AMa,AMa,N,AMa,AMa,AMa,AMa,N,AMa,AMa,AMa,AMa,AMa,N,AMa,AMa,AMa,N,AMa,AMa,AMa,AMa,N,N,AMa,N,AMa,AMa,AMa,AMa,AMa,AMa,N,AMa,AMa,AMa,,,,,,,,,,,,,,,,,,,,,,,,,,,,,,,,,,,,,,,,,,,,,,,,,,,,,,,,,,,,,,,,,,,,,,,,,,,,,,,,,,,,,,,,,,,,,,,,,,,,,,,,,,,,,,,,,,
106013517,O,,,,,,,,,,,,,,,,,,,,,,,,,,,,,,,,,,,,,,,,,,,,,,,,,,,,,,,,,,,,,,,,,,,,,,,,,,,,,,,,,,,,,,,,,,,,,,,,,,,,,,,,,,,,,,,,,,,,,,,,,,,,,,,,,,,,,,,,,,,,,,,,,,,,,,,,,,,,,,,,,,,,,,,,,,,,,,,,,,,,,,,,,,,,,,,,,,,,,,,,,,,,
106013517,O,N,,,,,,,,,,,,,,,,,,,,,,,,,,,,,,,,,,,,,,,,,,,,,,,,,,,,,,,,,,,,,,,,,,,,,,,,,,,,,,,,,,,,,,,,,,,,,,,,,,,,,,,,,,,,,,,,,,,,,,,,,,,,,,,,,,,,,,,,,,,,,,,,,,,,,,,,,,,,,,,,,,,,,,,,,,,,,,,,,,,,,,,,,,,,,,,,,,,,,,,,,,,
106013517,O,N,N,N,N,N,N,N,N,N,N,N,N,N,N,N,N,N,N,N,N,N,N,N,N,N,N,N,N,N,N,N,N,N,N,N,N,PJ,PJ,PJ,S,S,N,AMe,CMe,DMe,AMe,AMe,DMe,DMe,PJ,N,N,N,N,P,N,N,N,P,P,N,N,N,N,N,N,N,N,N,N,N,N,N,N,N,N,N,N,N,N,N,N,N,N,N,N,P,P,P,P,P,P,P,P,P,P,P,P,P,P,P,P,C,,,,,,,,,,,,,,,,,,,,,,,,,,,,,,,,,,,,,,,,,,,,,,,,,,,,,,,,,,,,,,,,,,,,,,,,,,,,,,,,,,,,,,,,,,,,,,,,,,,,,
106013517,O,N,N,N,N,N,N,N,N,N,N,N,N,N,N,N,N,N,N,N,N,N,N,N,N,N,N,N,N,,,,,,,,,,,,,,,,,,,,,,,,,,,,,,,,,,,,,,,,,,,,,,,,,,,,,,,,,,,,,,,,,,,,,,,,,,,,,,,,,,,,,,,,,,,,,,,,,,,,,,,,,,,,,,,,,,,,,,,,,,,,,,,,,,,,,,,,,,,,,,,,,,,,,,,,,,,,,,,,,,,,,,,,,,,,,,,,
106013517,O,N,N,N,N,N,PJ,PJ,PJ,PJ,PJ,PJ,PJ,PJ,PJ,PJ,N,N,N,N,N,N,N,N,N,N,N,P,P,PJ,N,N,N,P,N,N,N,N,N,N,N,N,N,N,N,N,N,N,N,N,N,N,N,P,N,N,N,N,N,N,N,N,N,N,N,N,N,P,N,N,P,P,N,N,N,N,N,P,N,N,N,P,N,N,N,N,N,N,P,P,P,N,N,N,N,N,N,P,P,N,N,N,N,N,N,N,N,N,N,N,N,N,N,N,N,N,N,N,N,P,N,N,N,N,N,,,,,,,,,,,,,,,,,,,,,,,,,,,,,,,,,,,,,,,,,,,,,,,,,,,,,,,,,,,,,,,,,,,,,,,,,,,,,,,,
106013517,O,N,N,N,N,N,N,P,P,,,,,,,,,,,,,,,,,,,,,,,,,,,,,,,,,,,,,,,,,,,,,,,,,,,,,,,,,,,,,,,,,,,,,,,,,,,,,,,,,,,,,,,,,,,,,,,,,,,,,,,,,,,,,,,,,,,,,,,,,,,,,,,,,,,,,,,,,,,,,,,,,,,,,,,,,,,,,,,,,,,,,,,,,,,,,,,,,,,,,,,,,,,,,,,,,,,,
106013517,O,N,P,P,N,N,N,N,N,N,N,N,N,N,N,N,N,N,N,C,,,,,,,,,,,,,,,,,,,,,,,,,,,,,,,,,,,,,,,,,,,,,,,,,,,,,,,,,,,,,,,,,,,,,,,,,,,,,,,,,,,,,,,,,,,,,,,,,,,,,,,,,,,,,,,,,,,,,,,,,,,,,,,,,,,,,,,,,,,,,,,,,,,,,,,,,,,,,,,,,,,,,,,,,,,,,,,,,,,,,,,,,
106013517,O,N,N,N,N,N,N,N,N,P,P,P,N,P,N,P,N,N,N,N,N,N,P,N,N,N,N,P,N,N,N,P,N,N,N,N,N,N,N,N,N,N,N,N,N,P,N,N,N,N,N,N,N,N,N,N,N,N,N,N,N,N,N,N,N,N,N,N,N,N,N,N,N,N,N,N,N,N,N,N,N,N,N,N,N,N,N,N,N,N,N,N,N,N,N,N,N,N,N,N,N,N,N,N,N,N,N,N,N,N,N,C,,,,,,,,,,,,,,,,,,,,,,,,,,,,,,,,,,,,,,,,,,,,,,,,,,,,,,,,,,,,,,,,,,,,,,,,,,,,,,,,,,,,,,,,,,,,,
106013517,O,C,,,,,,,,,,,,,,,,,,,,,,,,,,,,,,,,,,,,,,,,,,,,,,,,,,,,,,,,,,,,,,,,,,,,,,,,,,,,,,,,,,,,,,,,,,,,,,,,,,,,,,,,,,,,,,,,,,,,,,,,,,,,,,,,,,,,,,,,,,,,,,,,,,,,,,,,,,,,,,,,,,,,,,,,,,,,,,,,,,,,,,,,,,,,,,,,,,,,,,,,,,,
106013517,O,C,,,,,,,,,,,,,,,,,,,,,,,,,,,,,,,,,,,,,,,,,,,,,,,,,,,,,,,,,,,,,,,,,,,,,,,,,,,,,,,,,,,,,,,,,,,,,,,,,,,,,,,,,,,,,,,,,,,,,,,,,,,,,,,,,,,,,,,,,,,,,,,,,,,,,,,,,,,,,,,,,,,,,,,,,,,,,,,,,,,,,,,,,,,,,,,,,,,,,,,,,,,
106013517,O,PJ,PJ,PJ,PJ,PJ,PJ,PJ,PJ,PJ,PJ,PJ,PJ,C,,,,,,,,,,,,,,,,,,,,,,,,,,,,,,,,,,,,,,,,,,,,,,,,,,,,,,,,,,,,,,,,,,,,,,,,,,,,,,,,,,,,,,,,,,,,,,,,,,,,,,,,,,,,,,,,,,,,,,,,,,,,,,,,,,,,,,,,,,,,,,,,,,,,,,,,,,,,,,,,,,,,,,,,,,,,,,,,,,,,,,,,,,,,,,,
106013517,O,N,N,N,N,N,N,N,N,N,N,N,N,N,N,N,N,N,N,N,N,N,N,N,N,,,,,,,,,,,,,,,,,,,,,,,,,,,,,,,,,,,,,,,,,,,,,,,,,,,,,,,,,,,,,,,,,,,,,,,,,,,,,,,,,,,,,,,,,,,,,,,,,,,,,,,,,,,,,,,,,,,,,,,,,,,,,,,,,,,,,,,,,,,,,,,,,,,,,,,,,,,,,,,,,,,,,,,,,,,,,,,,,,,,
106013517,O,N,N,N,N,N,N,N,N,N,N,N,N,N,N,P,N,N,N,N,N,N,N,N,P,P,P,N,N,N,N,P,P,N,,,,,,,,,,,,,,,,,,,,,,,,,,,,,,,,,,,,,,,,,,,,,,,,,,,,,,,,,,,,,,,,,,,,,,,,,,,,,,,,,,,,,,,,,,,,,,,,,,,,,,,,,,,,,,,,,,,,,,,,,,,,,,,,,,,,,,,,,,,,,,,,,,,,,,,,,,,,,,,,,,,,,,,,,,,
106013517,O,N,N,N,N,N,N,N,N,N,N,N,N,N,N,N,N,N,N,N,N,N,N,N,N,N,N,N,N,N,N,N,N,N,N,N,N,N,N,N,N,P,P,P,P,N,P,P,P,N,N,P,N,P,P,N,N,P,P,N,N,N,N,N,N,N,N,N,N,N,N,N,N,N,N,N,N,,,,,,,,,,,,,,,,,,,,,,,,,,,,,,,,,,,,,,,,,,,,,,,,,,,,,,,,,,,,,,,,,,,,,,,,,,,,,,,,,,,,,,,,,,,,,,,,,,,,,,,,,,,,,,,,,,,,,,,,,,,,,,,,
106013517,O,N,N,N,N,N,N,N,N,N,N,N,N,N,N,N,N,N,N,N,N,N,N,N,N,N,N,N,N,N,N,N,N,N,N,N,N,N,N,N,N,N,N,N,N,N,P,P,N,N,N,P,P,N,N,P,P,N,P,P,P,P,P,P,P,N,N,N,N,N,N,P,N,N,N,N,N,N,N,N,N,N,N,N,N,C,,,,,,,,,,,,,,,,,,,,,,,,,,,,,,,,,,,,,,,,,,,,,,,,,,,,,,,,,,,,,,,,,,,,,,,,,,,,,,,,,,,,,,,,,,,,,,,,,,,,,,,,,,,,,,,,,,,,,,,
106013517,O,N,N,N,N,N,N,N,N,N,N,N,N,N,N,N,N,N,N,N,N,N,N,N,N,N,N,N,N,N,P,P,N,N,N,P,N,N,P,N,N,C,,,,,,,,,,,,,,,,,,,,,,,,,,,,,,,,,,,,,,,,,,,,,,,,,,,,,,,,,,,,,,,,,,,,,,,,,,,,,,,,,,,,,,,,,,,,,,,,,,,,,,,,,,,,,,,,,,,,,,,,,,,,,,,,,,,,,,,,,,,,,,,,,,,,,,,,,,,,,,,,,,,
106013517,O,N,N,N,N,N,N,N,N,N,N,N,N,N,N,N,N,N,N,N,N,N,N,N,N,N,N,N,P,N,N,N,N,N,N,N,N,N,N,N,N,N,N,N,N,N,N,N,N,N,N,N,N,N,N,N,N,N,N,N,N,N,N,N,N,N,N,N,N,N,N,N,N,N,N,N,N,N,N,N,N,N,N,N,N,N,N,N,N,N,N,N,N,N,N,N,N,N,N,N,N,N,N,N,N,N,N,N,N,N,N,N,N,N,N,N,N,N,N,N,N,N,N,N,N,N,N,N,N,N,N,N,N,N,N,N,N,N,N,N,N,N,N,N,N,N,N,N,N,N,N,N,N,N,N,N,N,N,N,N,N,N,N,N,N,N,N,N,N,N,N,P,P,,,,,,,,,,,,,,,,,,,,,,,,,,,,,,,,
106013517,O,N,N,N,N,N,N,N,N,N,P,P,P,,,,,,,,,,,,,,,,,,,,,,,,,,,,,,,,,,,,,,,,,,,,,,,,,,,,,,,,,,,,,,,,,,,,,,,,,,,,,,,,,,,,,,,,,,,,,,,,,,,,,,,,,,,,,,,,,,,,,,,,,,,,,,,,,,,,,,,,,,,,,,,,,,,,,,,,,,,,,,,,,,,,,,,,,,,,,,,,,,,,,,,,,,,,,,,,
106013517,O,N,N,N,N,N,N,N,N,N,N,PJ,N,N,N,N,P,P,N,P,N,AMe,P,N,N,C,,,,,,,,,,,,,,,,,,,,,,,,,,,,,,,,,,,,,,,,,,,,,,,,,,,,,,,,,,,,,,,,,,,,,,,,,,,,,,,,,,,,,,,,,,,,,,,,,,,,,,,,,,,,,,,,,,,,,,,,,,,,,,,,,,,,,,,,,,,,,,,,,,,,,,,,,,,,,,,,,,,,,,,,,,,,,,,,,,,
106013517,O,N,PJ,,,,,,,,,,,,,,,,,,,,,,,,,,,,,,,,,,,,,,,,,,,,,,,,,,,,,,,,,,,,,,,,,,,,,,,,,,,,,,,,,,,,,,,,,,,,,,,,,,,,,,,,,,,,,,,,,,,,,,,,,,,,,,,,,,,,,,,,,,,,,,,,,,,,,,,,,,,,,,,,,,,,,,,,,,,,,,,,,,,,,,,,,,,,,,,,,,,,,,,,,,
106013517,O,N,N,N,N,N,N,P,P,P,N,P,P,N,N,N,P,N,N,N,N,N,N,N,P,N,N,N,N,P,N,N,P,N,N,N,,,,,,,,,,,,,,,,,,,,,,,,,,,,,,,,,,,,,,,,,,,,,,,,,,,,,,,,,,,,,,,,,,,,,,,,,,,,,,,,,,,,,,,,,,,,,,,,,,,,,,,,,,,,,,,,,,,,,,,,,,,,,,,,,,,,,,,,,,,,,,,,,,,,,,,,,,,,,,,,,,,,,,,,,
106013517,O,PJ,PJ,PJ,PJ,PJ,PJ,N,P,N,N,N,N,N,N,N,C,,,,,,,,,,,,,,,,,,,,,,,,,,,,,,,,,,,,,,,,,,,,,,,,,,,,,,,,,,,,,,,,,,,,,,,,,,,,,,,,,,,,,,,,,,,,,,,,,,,,,,,,,,,,,,,,,,,,,,,,,,,,,,,,,,,,,,,,,,,,,,,,,,,,,,,,,,,,,,,,,,,,,,,,,,,,,,,,,,,,,,,,,,,,
106013517,O,N,N,N,P,P,P,N,N,N,N,N,N,N,,,,,,,,,,,,,,,,,,,,,,,,,,,,,,,,,,,,,,,,,,,,,,,,,,,,,,,,,,,,,,,,,,,,,,,,,,,,,,,,,,,,,,,,,,,,,,,,,,,,,,,,,,,,,,,,,,,,,,,,,,,,,,,,,,,,,,,,,,,,,,,,,,,,,,,,,,,,,,,,,,,,,,,,,,,,,,,,,,,,,,,,,,,,,,,
106013517,O,N,N,N,N,N,N,N,,,,,,,,,,,,,,,,,,,,,,,,,,,,,,,,,,,,,,,,,,,,,,,,,,,,,,,,,,,,,,,,,,,,,,,,,,,,,,,,,,,,,,,,,,,,,,,,,,,,,,,,,,,,,,,,,,,,,,,,,,,,,,,,,,,,,,,,,,,,,,,,,,,,,,,,,,,,,,,,,,,,,,,,,,,,,,,,,,,,,,,,,,,,,,,,,,,,,
106013517,O,PJ,N,N,N,N,N,N,N,N,N,N,N,N,N,N,N,N,N,N,N,N,N,N,N,N,N,N,N,N,N,N,N,N,N,N,N,N,N,N,N,N,N,N,N,N,N,N,N,N,N,N,N,N,N,N,N,N,N,N,N,N,N,N,N,PJ,PJ,N,P,P,P,P,N,N,P,P,N,N,N,P,N,N,P,N,N,N,P,N,N,P,N,N,N,N,N,N,N,N,AMa,AMa,AMa,AMa,AMa,AMa,AMa,AMa,AMa,AMa,AMa,DMa,DMa,DMa,DMa,DMa,DMa,DMa,DMa,DMa,DMa,N,P,N,P,P,N,N,N,P,P,,,,,,,,,,,,,,,,,,,,,,,,,,,,,,,,,,,,,,,,,,,,,,,,,,,,,,,,,,,,,,,,,,,,,,,,,,,,
106013517,O,PJ,PJ,P,P,P,N,N,N,PJ,PJ,PJ,PJ,PJ,PJ,PJ,PJ,PJ,,,,,,,,,,,,,,,,,,,,,,,,,,,,,,,,,,,,,,,,,,,,,,,,,,,,,,,,,,,,,,,,,,,,,,,,,,,,,,,,,,,,,,,,,,,,,,,,,,,,,,,,,,,,,,,,,,,,,,,,,,,,,,,,,,,,,,,,,,,,,,,,,,,,,,,,,,,,,,,,,,,,,,,,,,,,,,,,,,,,,,,,,,,
106013517,O,N,N,N,N,N,N,N,N,N,N,N,N,N,N,N,N,N,N,N,N,N,N,N,N,N,N,N,N,N,N,N,N,N,N,N,N,N,N,N,N,N,N,N,N,N,N,C,,,,,,,,,,,,,,,,,,,,,,,,,,,,,,,,,,,,,,,,,,,,,,,,,,,,,,,,,,,,,,,,,,,,,,,,,,,,,,,,,,,,,,,,,,,,,,,,,,,,,,,,,,,,,,,,,,,,,,,,,,,,,,,,,,,,,,,,,,,,,,,,,,,,,,,,,,,,,
106013517,O,N,N,N,N,N,N,N,N,N,N,N,N,N,N,N,N,N,N,N,N,N,N,N,N,N,N,N,N,N,N,N,N,N,N,N,N,N,N,N,N,N,N,N,N,N,N,N,N,N,N,N,N,N,N,N,N,N,N,N,N,N,N,N,N,N,N,,,,,,,,,,,,,,,,,,,,,,,,,,,,,,,,,,,,,,,,,,,,,,,,,,,,,,,,,,,,,,,,,,,,,,,,,,,,,,,,,,,,,,,,,,,,,,,,,,,,,,,,,,,,,,,,,,,,,,,,,,,,,,,,,,,,,,,,,,
106013517,O,N,N,N,N,N,N,N,N,N,N,N,N,N,N,N,N,N,N,N,N,N,N,N,N,N,N,N,N,N,N,N,N,N,N,N,N,N,N,N,N,N,N,N,N,N,N,N,N,N,N,N,N,N,N,N,N,N,N,N,N,N,N,N,P,AMa,AMa,AMa,DMa,DMa,N,N,N,N,N,N,P,N,N,N,P,,,,,,,,,,,,,,,,,,,,,,,,,,,,,,,,,,,,,,,,,,,,,,,,,,,,,,,,,,,,,,,,,,,,,,,,,,,,,,,,,,,,,,,,,,,,,,,,,,,,,,,,,,,,,,,,,,,,,,,,,,,,
106013517,O,N,N,N,N,N,N,N,N,N,N,N,N,N,N,N,N,N,N,N,N,N,N,N,N,N,N,N,N,N,N,N,N,N,N,N,N,N,N,N,N,N,N,N,N,N,N,N,N,N,N,N,N,N,N,N,N,N,N,P,N,,,,,,,,,,,,,,,,,,,,,,,,,,,,,,,,,,,,,,,,,,,,,,,,,,,,,,,,,,,,,,,,,,,,,,,,,,,,,,,,,,,,,,,,,,,,,,,,,,,,,,,,,,,,,,,,,,,,,,,,,,,,,,,,,,,,,,,,,,,,,,,,
106013517,O,N,N,N,N,N,P,N,N,N,N,N,P,N,N,P,P,N,N,N,N,N,N,N,N,N,N,P,N,P,N,P,P,N,P,N,N,N,P,P,P,P,,,,,,,,,,,,,,,,,,,,,,,,,,,,,,,,,,,,,,,,,,,,,,,,,,,,,,,,,,,,,,,,,,,,,,,,,,,,,,,,,,,,,,,,,,,,,,,,,,,,,,,,,,,,,,,,,,,,,,,,,,,,,,,,,,,,,,,,,,,,,,,,,,,,,,,,,,,,,,,,,,,
106013028,O,N,N,N,,,,,,,,,,,,,,,,,,,,,,,,,,,,,,,,,,,,,,,,,,,,,,,,,,,,,,,,,,,,,,,,,,,,,,,,,,,,,,,,,,,,,,,,,,,,,,,,,,,,,,,,,,,,,,,,,,,,,,,,,,,,,,,,,,,,,,,,,,,,,,,,,,,,,,,,,,,,,,,,,,,,,,,,,,,,,,,,,,,,,,,,,,,,,,,,,,,,,,,,,
106013028,O,N,N,N,N,P,P,P,P,P,N,N,N,N,N,N,P,N,N,N,N,N,N,N,N,N,N,N,N,N,N,N,N,N,N,N,,,,,,,,,,,,,,,,,,,,,,,,,,,,,,,,,,,,,,,,,,,,,,,,,,,,,,,,,,,,,,,,,,,,,,,,,,,,,,,,,,,,,,,,,,,,,,,,,,,,,,,,,,,,,,,,,,,,,,,,,,,,,,,,,,,,,,,,,,,,,,,,,,,,,,,,,,,,,,,,,,,,,,,,,
106013028,O,N,,,,,,,,,,,,,,,,,,,,,,,,,,,,,,,,,,,,,,,,,,,,,,,,,,,,,,,,,,,,,,,,,,,,,,,,,,,,,,,,,,,,,,,,,,,,,,,,,,,,,,,,,,,,,,,,,,,,,,,,,,,,,,,,,,,,,,,,,,,,,,,,,,,,,,,,,,,,,,,,,,,,,,,,,,,,,,,,,,,,,,,,,,,,,,,,,,,,,,,,,,,
106013028,O,N,N,AMa,AMa,AMa,AMa,AMa,AMa,AMa,AMe,N,P,P,AMe,N,N,P,DMa,DMa,DMa,DMa,DMa,DMa,AMa,AMa,N,AMa,DMa,AMa,N,AMe,AMa,N,N,P,AMe,N,N,N,N,N,N,N,N,N,N,N,N,N,N,N,N,N,,,,,,,,,,,,,,,,,,,,,,,,,,,,,,,,,,,,,,,,,,,,,,,,,,,,,,,,,,,,,,,,,,,,,,,,,,,,,,,,,,,,,,,,,,,,,,,,,,,,,,,,,,,,,,,,,,,,,,,,,,,,,,,,,,,,,,,,,,,,,,,,,,,,,,,
106013028,O,N,AMa,N,N,AMa,N,N,AMa,AMa,N,N,AMa,N,N,N,N,P,P,P,P,P,P,AMa,AMa,AMa,N,N,AMa,AMa,N,N,N,N,P,N,N,N,N,N,N,AMa,N,N,N,AMa,N,N,N,N,N,N,AMa,N,P,AMa,N,N,N,N,N,N,N,N,N,AMa,AMa,N,AMa,N,N,N,N,P,N,P,N,N,N,N,N,N,N,N,N,N,N,N,N,N,P,AMa,N,N,N,N,N,N,N,N,N,N,N,N,N,N,N,,,,,,,,,,,,,,,,,,,,,,,,,,,,,,,,,,,,,,,,,,,,,,,,,,,,,,,,,,,,,,,,,,,,,,,,,,,,,,,,,,,,,,,,,,,,,,,,,,
106013028,O,N,N,N,N,N,N,N,N,N,,,,,,,,,,,,,,,,,,,,,,,,,,,,,,,,,,,,,,,,,,,,,,,,,,,,,,,,,,,,,,,,,,,,,,,,,,,,,,,,,,,,,,,,,,,,,,,,,,,,,,,,,,,,,,,,,,,,,,,,,,,,,,,,,,,,,,,,,,,,,,,,,,,,,,,,,,,,,,,,,,,,,,,,,,,,,,,,,,,,,,,,,,,,,,,,,,,
106013028,O,N,N,N,N,N,P,P,P,P,N,N,N,N,N,N,N,N,P,N,P,N,P,N,P,N,N,N,N,N,N,N,N,N,N,N,N,N,N,N,N,N,N,N,N,N,N,N,N,N,N,N,N,N,N,N,N,N,N,N,N,N,N,N,N,N,N,N,N,N,N,,,,,,,,,,,,,,,,,,,,,,,,,,,,,,,,,,,,,,,,,,,,,,,,,,,,,,,,,,,,,,,,,,,,,,,,,,,,,,,,,,,,,,,,,,,,,,,,,,,,,,,,,,,,,,,,,,,,,,,,,,,,,,,,,,,,,,
106013028,O,C,,,,,,,,,,,,,,,,,,,,,,,,,,,,,,,,,,,,,,,,,,,,,,,,,,,,,,,,,,,,,,,,,,,,,,,,,,,,,,,,,,,,,,,,,,,,,,,,,,,,,,,,,,,,,,,,,,,,,,,,,,,,,,,,,,,,,,,,,,,,,,,,,,,,,,,,,,,,,,,,,,,,,,,,,,,,,,,,,,,,,,,,,,,,,,,,,,,,,,,,,,,
106013028,O,N,N,N,P,P,P,N,AMa,AMa,AMa,N,N,N,N,N,AMa,N,N,P,N,N,AMa,AMa,N,N,N,N,AMa,AMa,AMa,DMa,AMa,DMa,AMa,N,N,N,N,N,N,N,N,N,N,N,P,N,N,N,N,N,N,N,N,N,N,N,P,N,N,N,N,N,N,N,N,P,N,N,N,P,N,N,N,N,N,N,N,P,P,N,N,N,N,N,N,N,N,N,N,N,N,N,N,N,N,N,P,N,N,N,N,N,N,N,N,N,N,N,N,N,P,N,N,N,N,N,N,N,N,N,N,N,N,N,N,N,N,N,N,C,,,,,,,,,,,,,,,,,,,,,,,,,,,,,,,,,,,,,,,,,,,,,,,,,,,,,,,,,,,,,,,,,,,,,,,,,
106013028,O,N,N,N,N,N,N,N,N,N,N,N,N,N,P,P,P,P,P,P,P,P,P,P,P,P,P,P,N,AMa,N,N,N,N,P,N,N,N,P,N,N,AMa,N,AMa,N,AMa,N,AMa,N,AMa,DMa,AMa,N,N,N,P,P,P,N,N,N,AMa,AMa,N,N,N,N,AMa,N,N,N,P,N,N,N,P,N,N,N,,,,,,,,,,,,,,,,,,,,,,,,,,,,,,,,,,,,,,,,,,,,,,,,,,,,,,,,,,,,,,,,,,,,,,,,,,,,,,,,,,,,,,,,,,,,,,,,,,,,,,,,,,,,,,,,,,,,,,,,,,,,,,
106013028,O,N,AMa,N,AMa,AMa,N,N,P,P,N,N,AMa,N,AMa,N,AMa,N,AMa,N,N,N,AMa,N,N,N,N,N,N,P,AMa,N,N,N,N,N,C,,,,,,,,,,,,,,,,,,,,,,,,,,,,,,,,,,,,,,,,,,,,,,,,,,,,,,,,,,,,,,,,,,,,,,,,,,,,,,,,,,,,,,,,,,,,,,,,,,,,,,,,,,,,,,,,,,,,,,,,,,,,,,,,,,,,,,,,,,,,,,,,,,,,,,,,,,,,,,,,,,,,,,,,
106013028,O,N,N,N,N,P,P,P,P,P,AMa,N,AMa,N,N,N,N,P,N,N,AMa,AMa,N,N,N,N,AMa,N,N,N,N,N,P,P,AMa,N,AMa,N,AMa,N,N,P,N,AMa,N,N,AMa,N,N,N,N,N,N,N,N,N,N,N,N,N,N,N,N,N,N,N,N,N,N,N,N,N,N,N,N,N,N,C,,,,,,,,,,,,,,,,,,,,,,,,,,,,,,,,,,,,,,,,,,,,,,,,,,,,,,,,,,,,,,,,,,,,,,,,,,,,,,,,,,,,,,,,,,,,,,,,,,,,,,,,,,,,,,,,,,,,,,,,,,,,,,,
106013028,O,N,N,N,N,N,N,N,N,N,N,N,N,N,N,N,P,N,N,N,N,N,N,N,P,N,N,N,,,,,,,,,,,,,,,,,,,,,,,,,,,,,,,,,,,,,,,,,,,,,,,,,,,,,,,,,,,,,,,,,,,,,,,,,,,,,,,,,,,,,,,,,,,,,,,,,,,,,,,,,,,,,,,,,,,,,,,,,,,,,,,,,,,,,,,,,,,,,,,,,,,,,,,,,,,,,,,,,,,,,,,,,,,,,,,,,
106013028,O,N,C,,,,,,,,,,,,,,,,,,,,,,,,,,,,,,,,,,,,,,,,,,,,,,,,,,,,,,,,,,,,,,,,,,,,,,,,,,,,,,,,,,,,,,,,,,,,,,,,,,,,,,,,,,,,,,,,,,,,,,,,,,,,,,,,,,,,,,,,,,,,,,,,,,,,,,,,,,,,,,,,,,,,,,,,,,,,,,,,,,,,,,,,,,,,,,,,,,,,,,,,,,
106013028,O,N,N,P,AMa,N,N,N,N,N,N,N,N,AMa,N,AMa,P,P,P,P,P,P,P,P,N,AMa,N,N,AMa,N,N,P,N,N,N,P,AMa,N,N,C,,,,,,,,,,,,,,,,,,,,,,,,,,,,,,,,,,,,,,,,,,,,,,,,,,,,,,,,,,,,,,,,,,,,,,,,,,,,,,,,,,,,,,,,,,,,,,,,,,,,,,,,,,,,,,,,,,,,,,,,,,,,,,,,,,,,,,,,,,,,,,,,,,,,,,,,,,,,,,,,,,,,,
106013028,O,N,N,N,AMa,N,N,N,N,P,N,N,P,N,N,N,N,N,N,N,N,N,P,P,P,N,N,N,P,C,,,,,,,,,,,,,,,,,,,,,,,,,,,,,,,,,,,,,,,,,,,,,,,,,,,,,,,,,,,,,,,,,,,,,,,,,,,,,,,,,,,,,,,,,,,,,,,,,,,,,,,,,,,,,,,,,,,,,,,,,,,,,,,,,,,,,,,,,,,,,,,,,,,,,,,,,,,,,,,,,,,,,,,,,,,,,,,
106013028,O,N,AMa,N,N,N,N,AMa,N,N,N,P,N,N,P,N,N,N,P,N,AMa,N,N,N,N,N,N,P,P,N,N,N,N,N,N,N,N,P,N,N,N,N,N,P,N,P,P,P,P,C,,,,,,,,,,,,,,,,,,,,,,,,,,,,,,,,,,,,,,,,,,,,,,,,,,,,,,,,,,,,,,,,,,,,,,,,,,,,,,,,,,,,,,,,,,,,,,,,,,,,,,,,,,,,,,,,,,,,,,,,,,,,,,,,,,,,,,,,,,,,,,,,,,,,,,,,,,,
106013174,O,N,N,N,N,N,N,N,N,P,P,P,P,P,P,P,P,P,P,N,N,N,P,AMa,AMa,S,S,DMa,DMa,AMa,,,,,,,,,,,,,,,,,,,,,,,,,,,,,,,,,,,,,,,,,,,,,,,,,,,,,,,,,,,,,,,,,,,,,,,,,,,,,,,,,,,,,,,,,,,,,,,,,,,,,,,,,,,,,,,,,,,,,,,,,,,,,,,,,,,,,,,,,,,,,,,,,,,,,,,,,,,,,,,,,,,,,,,,,,,,,,,
106013174,O,N,P,N,N,P,,,,,,,,,,,,,,,,,,,,,,,,,,,,,,,,,,,,,,,,,,,,,,,,,,,,,,,,,,,,,,,,,,,,,,,,,,,,,,,,,,,,,,,,,,,,,,,,,,,,,,,,,,,,,,,,,,,,,,,,,,,,,,,,,,,,,,,,,,,,,,,,,,,,,,,,,,,,,,,,,,,,,,,,,,,,,,,,,,,,,,,,,,,,,,,,,,,,,,,
106013174,O,N,AMa,AMa,N,N,AMa,N,N,N,N,N,N,N,PJ,PJ,PJ,PJ,PJ,PJ,PJ,PJ,PJ,PJ,N,N,N,N,N,N,N,,,,,,,,,,,,,,,,,,,,,,,,,,,,,,,,,,,,,,,,,,,,,,,,,,,,,,,,,,,,,,,,,,,,,,,,,,,,,,,,,,,,,,,,,,,,,,,,,,,,,,,,,,,,,,,,,,,,,,,,,,,,,,,,,,,,,,,,,,,,,,,,,,,,,,,,,,,,,,,,,,,,,,,,,,,,,,
106013174,O,AMe,N,AMa,AMe,N,AMa,AMe,N,AMa,P,AMe,N,,,,,,,,,,,,,,,,,,,,,,,,,,,,,,,,,,,,,,,,,,,,,,,,,,,,,,,,,,,,,,,,,,,,,,,,,,,,,,,,,,,,,,,,,,,,,,,,,,,,,,,,,,,,,,,,,,,,,,,,,,,,,,,,,,,,,,,,,,,,,,,,,,,,,,,,,,,,,,,,,,,,,,,,,,,,,,,,,,,,,,,,,,,,,,,,
106013174,O,CMe,N,CMe,N,N,AMa,AMe,N,,,,,,,,,,,,,,,,,,,,,,,,,,,,,,,,,,,,,,,,,,,,,,,,,,,,,,,,,,,,,,,,,,,,,,,,,,,,,,,,,,,,,,,,,,,,,,,,,,,,,,,,,,,,,,,,,,,,,,,,,,,,,,,,,,,,,,,,,,,,,,,,,,,,,,,,,,,,,,,,,,,,,,,,,,,,,,,,,,,,,,,,,,,,,,,,,,,,
106013174,O,N,CMe,DMe,AMe,CMe,N,DMe,AMe,N,CMe,N,N,P,N,N,P,N,N,N,N,N,N,N,N,N,N,N,P,P,P,P,PJ,PJ,PJ,N,P,P,P,P,P,CMe,N,N,N,N,N,N,,,,,,,,,,,,,,,,,,,,,,,,,,,,,,,,,,,,,,,,,,,,,,,,,,,,,,,,,,,,,,,,,,,,,,,,,,,,,,,,,,,,,,,,,,,,,,,,,,,,,,,,,,,,,,,,,,,,,,,,,,,,,,,,,,,,,,,,,,,,,,,,,,,,,,,,,,,,,
106013174,O,N,N,N,N,N,,,,,,,,,,,,,,,,,,,,,,,,,,,,,,,,,,,,,,,,,,,,,,,,,,,,,,,,,,,,,,,,,,,,,,,,,,,,,,,,,,,,,,,,,,,,,,,,,,,,,,,,,,,,,,,,,,,,,,,,,,,,,,,,,,,,,,,,,,,,,,,,,,,,,,,,,,,,,,,,,,,,,,,,,,,,,,,,,,,,,,,,,,,,,,,,,,,,,,,
106013174,O,N,N,P,N,N,N,N,P,N,P,P,P,P,P,P,N,P,P,P,N,N,N,N,N,N,N,,,,,,,,,,,,,,,,,,,,,,,,,,,,,,,,,,,,,,,,,,,,,,,,,,,,,,,,,,,,,,,,,,,,,,,,,,,,,,,,,,,,,,,,,,,,,,,,,,,,,,,,,,,,,,,,,,,,,,,,,,,,,,,,,,,,,,,,,,,,,,,,,,,,,,,,,,,,,,,,,,,,,,,,,,,,,,,,,,
106013174,O,N,N,N,N,N,N,N,N,N,N,N,N,N,N,N,N,N,N,N,N,N,N,N,N,N,N,N,P,P,,,,,,,,,,,,,,,,,,,,,,,,,,,,,,,,,,,,,,,,,,,,,,,,,,,,,,,,,,,,,,,,,,,,,,,,,,,,,,,,,,,,,,,,,,,,,,,,,,,,,,,,,,,,,,,,,,,,,,,,,,,,,,,,,,,,,,,,,,,,,,,,,,,,,,,,,,,,,,,,,,,,,,,,,,,,,,,
106013174,O,N,N,N,N,N,N,N,,,,,,,,,,,,,,,,,,,,,,,,,,,,,,,,,,,,,,,,,,,,,,,,,,,,,,,,,,,,,,,,,,,,,,,,,,,,,,,,,,,,,,,,,,,,,,,,,,,,,,,,,,,,,,,,,,,,,,,,,,,,,,,,,,,,,,,,,,,,,,,,,,,,,,,,,,,,,,,,,,,,,,,,,,,,,,,,,,,,,,,,,,,,,,,,,,,,,
106013031,O,N,N,,,,,,,,,,,,,,,,,,,,,,,,,,,,,,,,,,,,,,,,,,,,,,,,,,,,,,,,,,,,,,,,,,,,,,,,,,,,,,,,,,,,,,,,,,,,,,,,,,,,,,,,,,,,,,,,,,,,,,,,,,,,,,,,,,,,,,,,,,,,,,,,,,,,,,,,,,,,,,,,,,,,,,,,,,,,,,,,,,,,,,,,,,,,,,,,,,,,,,,,,,
106013031,O,N,N,AMa,AMa,N,P,DMa,AMa,N,N,AMa,N,N,P,AMa,DMa,AMa,AMa,AMa,N,AMa,N,AMa,N,N,N,N,N,N,N,P,AMa,N,N,N,N,AMa,AMa,N,AMa,AMa,N,P,P,N,N,N,P,P,DMa,P,DMa,N,N,AMa,AMa,N,N,N,N,N,N,AMa,AMa,N,N,P,N,N,AMa,AMa,AMa,N,AMa,N,N,AMa,N,N,N,N,N,N,N,P,AMa,N,N,N,N,N,N,N,N,N,N,N,P,P,AMa,AMa,N,N,N,N,N,N,N,N,N,N,N,AMa,AMa,N,AMa,N,N,P,P,DMa,N,N,N,P,AMa,N,N,N,N,N,N,N,N,N,P,AMa,N,N,N,N,N,N,N,N,AMa,N,N,,,,,,,,,,,,,,,,,,,,,,,,,,,,,,,,,,,,,,,,,,,,,,,,,,,,,,,,
106013031,O,N,N,N,N,N,N,N,P,P,P,P,P,P,P,AB,DB,,,,,,,,,,,,,,,,,,,,,,,,,,,,,,,,,,,,,,,,,,,,,,,,,,,,,,,,,,,,,,,,,,,,,,,,,,,,,,,,,,,,,,,,,,,,,,,,,,,,,,,,,,,,,,,,,,,,,,,,,,,,,,,,,,,,,,,,,,,,,,,,,,,,,,,,,,,,,,,,,,,,,,,,,,,,,,,,,,,,,,,,,,,,
106013031,O,N,N,AMa,N,N,N,N,N,N,AMa,AMa,N,N,N,N,N,N,N,N,AMa,N,AMa,N,AMa,N,AMa,DMa,AMa,N,N,N,,,,,,,,,,,,,,,,,,,,,,,,,,,,,,,,,,,,,,,,,,,,,,,,,,,,,,,,,,,,,,,,,,,,,,,,,,,,,,,,,,,,,,,,,,,,,,,,,,,,,,,,,,,,,,,,,,,,,,,,,,,,,,,,,,,,,,,,,,,,,,,,,,,,,,,,,,,,,,,,,,,,,,,,,,,,,
106013031,O,N,N,N,N,N,N,N,N,N,N,N,N,N,N,N,N,N,N,N,N,N,N,N,,,,,,,,,,,,,,,,,,,,,,,,,,,,,,,,,,,,,,,,,,,,,,,,,,,,,,,,,,,,,,,,,,,,,,,,,,,,,,,,,,,,,,,,,,,,,,,,,,,,,,,,,,,,,,,,,,,,,,,,,,,,,,,,,,,,,,,,,,,,,,,,,,,,,,,,,,,,,,,,,,,,,,,,,,,,,,,,,,,,,
106013031,O,N,N,N,N,AMa,DMa,AMa,N,N,N,AMa,N,AMa,AMa,AMa,N,N,AMa,DMa,AMa,AMa,N,AMa,AMa,N,N,N,N,N,N,AMa,N,N,N,N,P,AMa,N,AMa,DMa,AMa,AMa,N,P,AMa,N,AMa,AMa,N,N,AMa,AMa,AMa,AMa,DMa,DMa,AMa,N,N,N,N,N,AMa,N,AMa,AMa,AMa,N,N,AMa,AMa,N,N,AMa,AMa,AMa,N,AMa,AMa,N,N,N,N,N,N,N,N,N,N,P,P,P,,,,,,,,,,,,,,,,,,,,,,,,,,,,,,,,,,,,,,,,,,,,,,,,,,,,,,,,,,,,,,,,,,,,,,,,,,,,,,,,,,,,,,,,,,,,,,,,,,,,,,,,,,,,,,,,
106013031,O,N,N,N,N,N,N,N,N,N,N,N,N,N,N,N,N,N,N,N,N,N,N,N,N,N,N,N,N,N,N,N,PJ,N,N,,,,,,,,,,,,,,,,,,,,,,,,,,,,,,,,,,,,,,,,,,,,,,,,,,,,,,,,,,,,,,,,,,,,,,,,,,,,,,,,,,,,,,,,,,,,,,,,,,,,,,,,,,,,,,,,,,,,,,,,,,,,,,,,,,,,,,,,,,,,,,,,,,,,,,,,,,,,,,,,,,,,,,,,,,
106013031,O,N,N,N,N,N,N,N,N,N,N,N,N,N,N,N,N,N,N,N,N,N,N,N,N,N,N,N,N,N,N,N,N,N,N,N,N,N,N,N,N,N,N,N,N,N,N,N,N,N,N,N,N,N,N,N,N,N,N,N,N,N,N,N,N,N,N,N,N,N,N,N,,,,,,,,,,,,,,,,,,,,,,,,,,,,,,,,,,,,,,,,,,,,,,,,,,,,,,,,,,,,,,,,,,,,,,,,,,,,,,,,,,,,,,,,,,,,,,,,,,,,,,,,,,,,,,,,,,,,,,,,,,,,,,,,,,,,,
104013100,O,N,N,N,N,C,,,,,,,,,,,,,,,,,,,,,,,,,,,,,,,,,,,,,,,,,,,,,,,,,,,,,,,,,,,,,,,,,,,,,,,,,,,,,,,,,,,,,,,,,,,,,,,,,,,,,,,,,,,,,,,,,,,,,,,,,,,,,,,,,,,,,,,,,,,,,,,,,,,,,,,,,,,,,,,,,,,,,,,,,,,,,,,,,,,,,,,,,,,,,,,,,,,,,,,
104013100,O,N,N,N,N,N,N,N,N,N,N,AB,DB,,,,,,,,,,,,,,,,,,,,,,,,,,,,,,,,,,,,,,,,,,,,,,,,,,,,,,,,,,,,,,,,,,,,,,,,,,,,,,,,,,,,,,,,,,,,,,,,,,,,,,,,,,,,,,,,,,,,,,,,,,,,,,,,,,,,,,,,,,,,,,,,,,,,,,,,,,,,,,,,,,,,,,,,,,,,,,,,,,,,,,,,,,,,,,,,
104013100,O,N,AMa,AMa,AMa,AMa,P,N,AB,DB,C,,,,,,,,,,,,,,,,,,,,,,,,,,,,,,,,,,,,,,,,,,,,,,,,,,,,,,,,,,,,,,,,,,,,,,,,,,,,,,,,,,,,,,,,,,,,,,,,,,,,,,,,,,,,,,,,,,,,,,,,,,,,,,,,,,,,,,,,,,,,,,,,,,,,,,,,,,,,,,,,,,,,,,,,,,,,,,,,,,,,,,,,,,,,,,,,,,
104013100,O,N,DMa,DMa,AMe,CMe,N,N,N,N,N,N,N,N,N,N,N,N,N,N,N,N,N,N,AMe,P,P,P,P,P,P,P,P,P,P,P,P,P,P,AMe,P,P,AMe,N,N,N,N,N,N,N,N,C,C,,,,,,,,,,,,,,,,,,,,,,,,,,,,,,,,,,,,,,,,,,,,,,,,,,,,,,,,,,,,,,,,,,,,,,,,,,,,,,,,,,,,,,,,,,,,,,,,,,,,,,,,,,,,,,,,,,,,,,,,,,,,,,,,,,,,,,,,,,,,,,,,,,,,,,,,
104013100,O,C,C,,,,,,,,,,,,,,,,,,,,,,,,,,,,,,,,,,,,,,,,,,,,,,,,,,,,,,,,,,,,,,,,,,,,,,,,,,,,,,,,,,,,,,,,,,,,,,,,,,,,,,,,,,,,,,,,,,,,,,,,,,,,,,,,,,,,,,,,,,,,,,,,,,,,,,,,,,,,,,,,,,,,,,,,,,,,,,,,,,,,,,,,,,,,,,,,,,,,,,,,,,
104013100,O,N,N,N,N,P,P,AMa,DMa,AMa,AMa,N,AMa,N,AB,N,N,AMa,AMa,N,AB,N,N,N,N,N,N,N,N,N,N,N,N,AB,N,N,N,N,N,AB,N,N,N,N,N,N,N,N,N,AB,N,P,,,,,,,,,,,,,,,,,,,,,,,,,,,,,,,,,,,,,,,,,,,,,,,,,,,,,,,,,,,,,,,,,,,,,,,,,,,,,,,,,,,,,,,,,,,,,,,,,,,,,,,,,,,,,,,,,,,,,,,,,,,,,,,,,,,,,,,,,,,,,,,,,,,,,,,,,
104013100,O,N,N,N,P,P,P,N,N,N,N,N,N,N,N,N,N,P,AMa,N,N,N,AMa,N,N,AMa,AMa,N,N,N,N,AMa,N,N,N,N,P,P,P,P,P,P,P,P,P,P,P,P,P,P,P,P,AMa,AMa,P,P,P,P,P,P,P,P,P,P,P,P,P,P,P,P,P,N,AMa,P,P,P,AMa,C,,,,,,,,,,,,,,,,,,,,,,,,,,,,,,,,,,,,,,,,,,,,,,,,,,,,,,,,,,,,,,,,,,,,,,,,,,,,,,,,,,,,,,,,,,,,,,,,,,,,,,,,,,,,,,,,,,,,,,,,,,,,,,,
104013100,O,N,AB,P,N,N,N,AB,N,P,N,N,N,N,N,AB,N,N,AB,N,N,AB,N,N,N,N,AB,N,N,AB,N,N,AB,N,N,N,AB,N,N,N,N,N,AB,N,N,N,N,AB,N,BJ,BJ,N,N,N,AB,N,N,N,N,N,N,N,AB,N,N,N,N,N,N,N,N,N,N,N,N,N,N,N,N,N,N,N,N,N,N,N,N,N,N,N,N,N,N,N,N,N,N,N,N,N,N,N,N,N,N,N,N,N,N,N,P,AB,AMa,N,N,N,N,N,N,N,N,N,N,N,N,,,,,,,,,,,,,,,,,,,,,,,,,,,,,,,,,,,,,,,,,,,,,,,,,,,,,,,,,,,,,,,,,,,,,,,,,,,,,,,,
104013100,O,N,N,N,N,N,N,N,N,N,N,N,N,N,N,P,AB,N,N,N,N,N,N,N,N,P,N,N,N,N,N,N,N,N,AB,N,N,P,P,P,P,P,P,P,P,P,P,P,P,P,P,P,AB,P,P,P,P,P,P,P,P,N,AB,C,,,,,,,,,,,,,,,,,,,,,,,,,,,,,,,,,,,,,,,,,,,,,,,,,,,,,,,,,,,,,,,,,,,,,,,,,,,,,,,,,,,,,,,,,,,,,,,,,,,,,,,,,,,,,,,,,,,,,,,,,,,,,,,,,,,,,,,,,,,,,
104013100,O,N,N,N,N,N,N,N,AB,N,N,N,N,N,N,N,P,P,P,AB,N,AB,AB,N,N,AB,N,N,N,N,N,AB,N,N,AB,N,N,AB,AB,N,N,P,N,N,N,N,N,N,N,N,N,N,N,N,P,N,N,AB,N,N,N,N,N,N,N,N,AB,N,N,AB,N,N,N,N,N,AB,N,N,N,N,N,N,N,N,C,,,,,,,,,,,,,,,,,,,,,,,,,,,,,,,,,,,,,,,,,,,,,,,,,,,,,,,,,,,,,,,,,,,,,,,,,,,,,,,,,,,,,,,,,,,,,,,,,,,,,,,,,,,,,,,,,,,,,,,,
106013171,O,N,N,N,N,N,N,N,,,,,,,,,,,,,,,,,,,,,,,,,,,,,,,,,,,,,,,,,,,,,,,,,,,,,,,,,,,,,,,,,,,,,,,,,,,,,,,,,,,,,,,,,,,,,,,,,,,,,,,,,,,,,,,,,,,,,,,,,,,,,,,,,,,,,,,,,,,,,,,,,,,,,,,,,,,,,,,,,,,,,,,,,,,,,,,,,,,,,,,,,,,,,,,,,,,,,
106013171,O,N,N,AMa,DMa,AMa,AMa,DMa,DMa,N,N,N,N,N,N,N,N,AMa,AMa,P,AMa,P,AMa,AMa,AMa,P,AMa,AMa,AMa,DMa,DMa,P,P,P,P,P,P,P,N,AMa,AMa,AMa,N,N,AMa,AMa,AMa,AMa,N,N,N,N,AMa,AMa,AMa,AMa,N,N,N,N,N,N,AMa,N,N,N,AMa,AMa,AMa,AMa,AMa,AMa,N,P,N,AMa,AMa,AMa,N,N,AMa,N,AMa,AMa,N,AMa,AMa,N,N,N,N,AMa,P,AMa,,,,,,,,,,,,,,,,,,,,,,,,,,,,,,,,,,,,,,,,,,,,,,,,,,,,,,,,,,,,,,,,,,,,,,,,,,,,,,,,,,,,,,,,,,,,,,,,,,,,,,,,,,,,,,,
106013171,O,N,N,N,N,N,P,AMa,AMa,N,N,AMa,AMa,AMa,N,N,N,AMa,N,N,,,,,,,,,,,,,,,,,,,,,,,,,,,,,,,,,,,,,,,,,,,,,,,,,,,,,,,,,,,,,,,,,,,,,,,,,,,,,,,,,,,,,,,,,,,,,,,,,,,,,,,,,,,,,,,,,,,,,,,,,,,,,,,,,,,,,,,,,,,,,,,,,,,,,,,,,,,,,,,,,,,,,,,,,,,,,,,,,,,,,,,,,
106013171,O,N,N,N,,,,,,,,,,,,,,,,,,,,,,,,,,,,,,,,,,,,,,,,,,,,,,,,,,,,,,,,,,,,,,,,,,,,,,,,,,,,,,,,,,,,,,,,,,,,,,,,,,,,,,,,,,,,,,,,,,,,,,,,,,,,,,,,,,,,,,,,,,,,,,,,,,,,,,,,,,,,,,,,,,,,,,,,,,,,,,,,,,,,,,,,,,,,,,,,,,,,,,,,,
106013171,O,N,N,N,N,P,AMa,AMa,AMa,AMa,AMa,P,AMa,AMa,DMa,DMa,AMa,P,AMa,N,N,N,N,N,N,C,,,,,,,,,,,,,,,,,,,,,,,,,,,,,,,,,,,,,,,,,,,,,,,,,,,,,,,,,,,,,,,,,,,,,,,,,,,,,,,,,,,,,,,,,,,,,,,,,,,,,,,,,,,,,,,,,,,,,,,,,,,,,,,,,,,,,,,,,,,,,,,,,,,,,,,,,,,,,,,,,,,,,,,,,,,,,,,,,,,
106013171,O,N,PJ,N,N,AMa,AMa,N,AMa,AMa,AMa,AMa,N,N,AMa,N,AMa,AMa,AMa,AMa,N,N,N,N,C,,,,,,,,,,,,,,,,,,,,,,,,,,,,,,,,,,,,,,,,,,,,,,,,,,,,,,,,,,,,,,,,,,,,,,,,,,,,,,,,,,,,,,,,,,,,,,,,,,,,,,,,,,,,,,,,,,,,,,,,,,,,,,,,,,,,,,,,,,,,,,,,,,,,,,,,,,,,,,,,,,,,,,,,,,,,,,,,,,,,
106013171,O,C,,,,,,,,,,,,,,,,,,,,,,,,,,,,,,,,,,,,,,,,,,,,,,,,,,,,,,,,,,,,,,,,,,,,,,,,,,,,,,,,,,,,,,,,,,,,,,,,,,,,,,,,,,,,,,,,,,,,,,,,,,,,,,,,,,,,,,,,,,,,,,,,,,,,,,,,,,,,,,,,,,,,,,,,,,,,,,,,,,,,,,,,,,,,,,,,,,,,,,,,,,,
106013171,O,C,,,,,,,,,,,,,,,,,,,,,,,,,,,,,,,,,,,,,,,,,,,,,,,,,,,,,,,,,,,,,,,,,,,,,,,,,,,,,,,,,,,,,,,,,,,,,,,,,,,,,,,,,,,,,,,,,,,,,,,,,,,,,,,,,,,,,,,,,,,,,,,,,,,,,,,,,,,,,,,,,,,,,,,,,,,,,,,,,,,,,,,,,,,,,,,,,,,,,,,,,,,
106013171,O,C,,,,,,,,,,,,,,,,,,,,,,,,,,,,,,,,,,,,,,,,,,,,,,,,,,,,,,,,,,,,,,,,,,,,,,,,,,,,,,,,,,,,,,,,,,,,,,,,,,,,,,,,,,,,,,,,,,,,,,,,,,,,,,,,,,,,,,,,,,,,,,,,,,,,,,,,,,,,,,,,,,,,,,,,,,,,,,,,,,,,,,,,,,,,,,,,,,,,,,,,,,,
106013171,O,N,N,C,,,,,,,,,,,,,,,,,,,,,,,,,,,,,,,,,,,,,,,,,,,,,,,,,,,,,,,,,,,,,,,,,,,,,,,,,,,,,,,,,,,,,,,,,,,,,,,,,,,,,,,,,,,,,,,,,,,,,,,,,,,,,,,,,,,,,,,,,,,,,,,,,,,,,,,,,,,,,,,,,,,,,,,,,,,,,,,,,,,,,,,,,,,,,,,,,,,,,,,,,
106013171,O,N,N,N,N,N,N,N,N,N,N,N,N,N,N,N,N,N,N,N,N,AMa,AMa,P,P,AMa,P,AMa,P,AMa,P,AMa,AMa,P,P,AMa,AMa,P,P,AMa,AMa,AMa,AMa,P,P,AMa,AMa,AMa,AMa,AMa,P,P,AMa,N,N,N,N,N,N,N,N,N,N,N,N,N,N,N,N,N,N,N,N,N,N,N,AMa,AMa,P,N,P,AMa,N,N,N,AMa,AMa,AMa,AMa,AMa,AMa,N,AMa,N,N,AMa,AMa,AMa,AMa,AMa,N,N,N,N,N,N,AMa,AMa,N,N,N,AMa,AMa,AMa,AMa,AMa,AMa,AMa,AMa,AMa,AMa,AMa,AMa,AMa,DMa,DMa,N,AMa,AMa,AMa,AMa,DMa,AMa,AMa,AMa,AMa,N,N,AMa,DMa,AMa,AMa,N,N,N,N,AMa,N,N,N,N,AMa,AMa,AMa,AMa,N,AMa,N,AMa,AMa,N,N,N,N,N,AMa,AMa,N,N,N,N,N,N,AMa,N,AMa,AMa,AMa,AMa,AMa,N,N,AMa,AMa,AMa,N,AMa,N,N,N,AMa,AMa,N,N,N,N,N,N,,,,,,,
106013171,O,N,N,N,N,N,N,AMa,N,N,P,AMa,N,AMa,N,N,AMa,AMa,AMa,N,AMa,N,N,AMa,AMa,N,AMa,N,AMa,AMa,N,AMa,N,AMa,N,AMa,AMa,AMa,AMa,AMa,DMa,AMa,N,AMa,AMa,N,AMa,AMa,N,AMa,P,P,P,P,P,P,P,P,P,P,P,P,P,P,P,AMa,AMa,P,AMa,AMa,P,P,AB,DB,AMa,AMa,DMa,P,AMa,AMa,AMa,P,P,N,AMa,AMa,C,,,,,,,,,,,,,,,,,,,,,,,,,,,,,,,,,,,,,,,,,,,,,,,,,,,,,,,,,,,,,,,,,,,,,,,,,,,,,,,,,,,,,,,,,,,,,,,,,,,,,,,,,,,,,,,,,,,,,,
106013171,O,N,N,AMa,AMa,AMa,N,N,AMa,AMa,AMa,DMa,AMa,N,AMa,N,AMa,N,AMa,AMa,AMa,AMa,AMa,N,AMa,N,AMa,AMa,AMa,AMa,DMa,AMa,N,N,AMa,AMa,DMa,N,AMa,N,AMa,N,AMa,N,AMa,AMa,N,AMa,AMa,N,N,AMa,N,AMa,N,AMa,AMa,AMa,N,AMa,AMa,N,N,AMa,AMa,,,,,,,,,,,,,,,,,,,,,,,,,,,,,,,,,,,,,,,,,,,,,,,,,,,,,,,,,,,,,,,,,,,,,,,,,,,,,,,,,,,,,,,,,,,,,,,,,,,,,,,,,,,,,,,,,,,,,,,,,,,,,,,,,,,,,,,,,,,,
106013171,O,N,,,,,,,,,,,,,,,,,,,,,,,,,,,,,,,,,,,,,,,,,,,,,,,,,,,,,,,,,,,,,,,,,,,,,,,,,,,,,,,,,,,,,,,,,,,,,,,,,,,,,,,,,,,,,,,,,,,,,,,,,,,,,,,,,,,,,,,,,,,,,,,,,,,,,,,,,,,,,,,,,,,,,,,,,,,,,,,,,,,,,,,,,,,,,,,,,,,,,,,,,,,
106013171,O,,,,,,,,,,,,,,,,,,,,,,,,,,,,,,,,,,,,,,,,,,,,,,,,,,,,,,,,,,,,,,,,,,,,,,,,,,,,,,,,,,,,,,,,,,,,,,,,,,,,,,,,,,,,,,,,,,,,,,,,,,,,,,,,,,,,,,,,,,,,,,,,,,,,,,,,,,,,,,,,,,,,,,,,,,,,,,,,,,,,,,,,,,,,,,,,,,,,,,,,,,,,
106013171,O,N,N,N,N,N,AMa,AMa,P,AMa,N,N,N,AMa,AMa,N,N,N,AMa,N,AMa,AMa,N,AMa,N,AMa,N,AMa,N,AMa,N,AMa,AMa,N,AMa,N,AMa,AMa,N,N,N,N,,,,,,,,,,,,,,,,,,,,,,,,,,,,,,,,,,,,,,,,,,,,,,,,,,,,,,,,,,,,,,,,,,,,,,,,,,,,,,,,,,,,,,,,,,,,,,,,,,,,,,,,,,,,,,,,,,,,,,,,,,,,,,,,,,,,,,,,,,,,,,,,,,,,,,,,,,,,,,,,,,,
106013030,O,N,N,,,,,,,,,,,,,,,,,,,,,,,,,,,,,,,,,,,,,,,,,,,,,,,,,,,,,,,,,,,,,,,,,,,,,,,,,,,,,,,,,,,,,,,,,,,,,,,,,,,,,,,,,,,,,,,,,,,,,,,,,,,,,,,,,,,,,,,,,,,,,,,,,,,,,,,,,,,,,,,,,,,,,,,,,,,,,,,,,,,,,,,,,,,,,,,,,,,,,,,,,,
106013030,O,N,N,N,N,N,N,P,P,N,N,N,N,N,N,N,N,N,N,N,N,N,N,N,N,P,,,,,,,,,,,,,,,,,,,,,,,,,,,,,,,,,,,,,,,,,,,,,,,,,,,,,,,,,,,,,,,,,,,,,,,,,,,,,,,,,,,,,,,,,,,,,,,,,,,,,,,,,,,,,,,,,,,,,,,,,,,,,,,,,,,,,,,,,,,,,,,,,,,,,,,,,,,,,,,,,,,,,,,,,,,,,,,,,,,
106013030,O,N,N,N,N,N,N,N,N,N,N,N,N,N,N,N,N,N,N,N,N,N,N,N,P,N,N,N,N,N,N,N,N,P,N,N,N,N,N,N,N,N,N,N,P,N,N,N,P,N,N,N,N,P,,,,,,,,,,,,,,,,,,,,,,,,,,,,,,,,,,,,,,,,,,,,,,,,,,,,,,,,,,,,,,,,,,,,,,,,,,,,,,,,,,,,,,,,,,,,,,,,,,,,,,,,,,,,,,,,,,,,,,,,,,,,,,,,,,,,,,,,,,,,,,,,,,,,,,,
106013030,O,N,N,P,N,N,N,P,N,N,N,N,P,N,P,N,,,,,,,,,,,,,,,,,,,,,,,,,,,,,,,,,,,,,,,,,,,,,,,,,,,,,,,,,,,,,,,,,,,,,,,,,,,,,,,,,,,,,,,,,,,,,,,,,,,,,,,,,,,,,,,,,,,,,,,,,,,,,,,,,,,,,,,,,,,,,,,,,,,,,,,,,,,,,,,,,,,,,,,,,,,,,,,,,,,,,,,,,,,,,
106013030,O,N,N,N,N,N,N,N,N,N,P,N,N,N,P,N,N,N,N,N,N,N,N,N,N,N,P,N,N,N,N,N,N,N,N,N,,,,,,,,,,,,,,,,,,,,,,,,,,,,,,,,,,,,,,,,,,,,,,,,,,,,,,,,,,,,,,,,,,,,,,,,,,,,,,,,,,,,,,,,,,,,,,,,,,,,,,,,,,,,,,,,,,,,,,,,,,,,,,,,,,,,,,,,,,,,,,,,,,,,,,,,,,,,,,,,,,,,,,,,,
106013030,O,N,AMa,AMa,AMa,AMa,N,AMa,AMa,N,N,AMa,AMa,AMa,AMa,N,AMa,AMa,N,AMa,AMa,AMa,AMa,AMa,N,AMa,AMa,AMa,N,AMa,AMa,AMa,AMa,N,AMa,AMa,N,AMa,AMa,N,AMa,AMa,N,AMa,AMa,AMa,N,,,,,,,,,,,,,,,,,,,,,,,,,,,,,,,,,,,,,,,,,,,,,,,,,,,,,,,,,,,,,,,,,,,,,,,,,,,,,,,,,,,,,,,,,,,,,,,,,,,,,,,,,,,,,,,,,,,,,,,,,,,,,,,,,,,,,,,,,,,,,,,,,,,,,,,,,,,,,,
106013030,O,N,N,P,,,,,,,,,,,,,,,,,,,,,,,,,,,,,,,,,,,,,,,,,,,,,,,,,,,,,,,,,,,,,,,,,,,,,,,,,,,,,,,,,,,,,,,,,,,,,,,,,,,,,,,,,,,,,,,,,,,,,,,,,,,,,,,,,,,,,,,,,,,,,,,,,,,,,,,,,,,,,,,,,,,,,,,,,,,,,,,,,,,,,,,,,,,,,,,,,,,,,,,,,
106013030,O,N,P,N,N,P,N,N,N,N,P,P,P,N,N,N,N,N,P,N,N,N,N,P,P,P,P,P,P,P,P,N,N,N,N,N,N,P,P,P,P,N,N,N,N,N,N,N,N,N,N,N,N,N,N,N,N,N,N,N,N,N,N,N,N,P,P,N,N,N,N,N,N,N,N,N,N,N,N,N,N,N,P,P,P,P,N,N,N,N,N,N,N,N,N,N,N,N,N,N,N,N,N,N,N,N,N,N,N,,,,,,,,,,,,,,,,,,,,,,,,,,,,,,,,,,,,,,,,,,,,,,,,,,,,,,,,,,,,,,,,,,,,,,,,,,,,,,,,,,,,,,,,,,,,,,,,
106013030,O,N,N,N,P,N,N,N,N,N,N,N,N,P,N,N,N,N,N,N,N,N,N,N,P,,,,,,,,,,,,,,,,,,,,,,,,,,,,,,,,,,,,,,,,,,,,,,,,,,,,,,,,,,,,,,,,,,,,,,,,,,,,,,,,,,,,,,,,,,,,,,,,,,,,,,,,,,,,,,,,,,,,,,,,,,,,,,,,,,,,,,,,,,,,,,,,,,,,,,,,,,,,,,,,,,,,,,,,,,,,,,,,,,,,
106013030,O,N,N,N,P,N,N,P,P,P,P,P,P,P,N,N,P,N,N,N,N,P,N,N,N,N,N,N,N,P,P,N,P,P,P,P,P,P,P,P,P,N,N,N,N,N,N,N,N,N,N,N,N,N,N,N,N,N,N,N,N,N,N,N,N,N,N,N,N,N,P,N,N,N,N,N,N,N,N,N,N,N,N,N,N,N,N,N,N,N,N,N,,,,,,,,,,,,,,,,,,,,,,,,,,,,,,,,,,,,,,,,,,,,,,,,,,,,,,,,,,,,,,,,,,,,,,,,,,,,,,,,,,,,,,,,,,,,,,,,,,,,,,,,,,,,,,,,,
104032001,O,N,N,N,N,N,,,,,,,,,,,,,,,,,,,,,,,,,,,,,,,,,,,,,,,,,,,,,,,,,,,,,,,,,,,,,,,,,,,,,,,,,,,,,,,,,,,,,,,,,,,,,,,,,,,,,,,,,,,,,,,,,,,,,,,,,,,,,,,,,,,,,,,,,,,,,,,,,,,,,,,,,,,,,,,,,,,,,,,,,,,,,,,,,,,,,,,,,,,,,,,,,,,,,,,
104032001,O,N,N,N,P,N,AMa,AMa,AMa,AMa,AB,DB,DMa,AB,DMa,AMa,DB,DMa,AMa,N,AMa,N,AMa,N,AMa,N,AMa,AMa,N,AMa,N,N,AMa,N,AMa,N,AMa,N,AMa,AMa,N,N,AMa,N,AMa,AMa,N,N,N,AMa,N,N,N,AMa,DMa,AMa,AB,AMa,N,AMa,N,AMa,N,AMa,N,N,N,N,N,N,N,AMa,N,N,N,N,AMa,AMa,N,AMa,N,N,N,N,N,AMa,AB,AMa,N,AMa,N,AMa,N,N,N,N,AMa,N,AMa,N,AMa,N,N,N,AMa,N,AMa,N,N,AMa,N,N,N,N,AMa,N,N,N,N,N,N,N,N,N,N,N,AMa,N,AMa,AMa,N,N,,,,,,,,,,,,,,,,,,,,,,,,,,,,,,,,,,,,,,,,,,,,,,,,,,,,,,,,,,,,,,,,,,,,,,,,,
104032001,O,N,AMa,N,N,AMa,AMa,N,N,N,AMa,AMa,AMa,N,N,AMa,AMa,N,N,AMa,AMa,N,AMa,N,N,N,N,AMa,N,AMa,AMa,N,N,AMa,N,N,AMa,AMa,N,AMa,N,N,AMa,AMa,N,AMa,N,N,AMa,N,N,N,N,AMa,DMa,AMa,N,N,N,AMa,N,N,N,AMa,N,N,N,N,AMa,N,AMa,N,N,N,AMa,N,N,N,N,N,N,AMa,N,N,AMa,N,N,N,N,N,N,N,N,N,N,N,AMa,N,N,N,N,N,N,N,N,N,N,N,,,,,,,,,,,,,,,,,,,,,,,,,,,,,,,,,,,,,,,,,,,,,,,,,,,,,,,,,,,,,,,,,,,,,,,,,,,,,,,,,,,,,,,,,,,,,,,,,
104032001,O,N,,,,,,,,,,,,,,,,,,,,,,,,,,,,,,,,,,,,,,,,,,,,,,,,,,,,,,,,,,,,,,,,,,,,,,,,,,,,,,,,,,,,,,,,,,,,,,,,,,,,,,,,,,,,,,,,,,,,,,,,,,,,,,,,,,,,,,,,,,,,,,,,,,,,,,,,,,,,,,,,,,,,,,,,,,,,,,,,,,,,,,,,,,,,,,,,,,,,,,,,,,,
104032001,O,N,N,N,N,N,N,N,N,N,P,P,AMa,N,N,N,N,N,AMa,N,N,P,N,N,N,N,N,AMa,N,N,N,N,P,P,N,N,N,N,N,N,N,N,N,N,N,N,N,N,N,N,N,N,N,P,P,N,N,N,N,N,N,N,AMa,N,N,N,N,N,N,N,N,N,N,N,,,,,,,,,,,,,,,,,,,,,,,,,,,,,,,,,,,,,,,,,,,,,,,,,,,,,,,,,,,,,,,,,,,,,,,,,,,,,,,,,,,,,,,,,,,,,,,,,,,,,,,,,,,,,,,,,,,,,,,,,,,,,,,,,,,
106013116,O,N,N,N,N,N,N,,,,,,,,,,,,,,,,,,,,,,,,,,,,,,,,,,,,,,,,,,,,,,,,,,,,,,,,,,,,,,,,,,,,,,,,,,,,,,,,,,,,,,,,,,,,,,,,,,,,,,,,,,,,,,,,,,,,,,,,,,,,,,,,,,,,,,,,,,,,,,,,,,,,,,,,,,,,,,,,,,,,,,,,,,,,,,,,,,,,,,,,,,,,,,,,,,,,,,
106013116,O,N,N,AMa,DMa,P,N,N,AMa,N,N,AMa,AMa,N,N,P,AMa,N,AMa,N,N,N,AMa,N,S,N,N,N,P,N,N,AMa,N,AMa,N,N,P,P,P,P,P,DMa,N,N,N,N,N,N,N,N,N,N,N,N,N,N,N,N,N,N,N,N,,,,,,,,,,,,,,,,,,,,,,,,,,,,,,,,,,,,,,,,,,,,,,,,,,,,,,,,,,,,,,,,,,,,,,,,,,,,,,,,,,,,,,,,,,,,,,,,,,,,,,,,,,,,,,,,,,,,,,,,,,,,,,,,,,,,,,,,,,,,,,,
106013176,O,N,AMa,AB,DB,AMa,AMa,DMa,DMa,DMa,DB,AB,N,AMa,N,AMa,DMa,P,P,P,P,P,S,AMe,N,N,N,P,P,P,S,AMa,N,N,N,N,AMa,N,N,P,N,P,AMa,N,N,N,P,P,P,N,AMa,N,AMa,AMa,DMa,AMa,AMa,N,N,N,N,AMa,AMa,N,N,N,N,AMa,N,N,AMa,AMa,AMa,N,N,N,AMa,N,AMa,AMa,AMa,N,N,AMa,AB,P,DB,AB,N,BJ,P,P,P,P,P,P,P,P,P,P,P,P,P,P,P,P,,,,,,,,,,,,,,,,,,,,,,,,,,,,,,,,,,,,,,,,,,,,,,,,,,,,,,,,,,,,,,,,,,,,,,,,,,,,,,,,,,,,,,,,,,,,,,,,,,,
106013176,O,N,,,,,,,,,,,,,,,,,,,,,,,,,,,,,,,,,,,,,,,,,,,,,,,,,,,,,,,,,,,,,,,,,,,,,,,,,,,,,,,,,,,,,,,,,,,,,,,,,,,,,,,,,,,,,,,,,,,,,,,,,,,,,,,,,,,,,,,,,,,,,,,,,,,,,,,,,,,,,,,,,,,,,,,,,,,,,,,,,,,,,,,,,,,,,,,,,,,,,,,,,,,
106013176,O,N,N,N,N,P,AMa,AMa,AMa,DMa,AMa,N,N,N,AMa,DMa,AMa,AMa,AMa,AMa,AMa,N,N,N,N,N,AMa,N,N,,,,,,,,,,,,,,,,,,,,,,,,,,,,,,,,,,,,,,,,,,,,,,,,,,,,,,,,,,,,,,,,,,,,,,,,,,,,,,,,,,,,,,,,,,,,,,,,,,,,,,,,,,,,,,,,,,,,,,,,,,,,,,,,,,,,,,,,,,,,,,,,,,,,,,,,,,,,,,,,,,,,,,,,,,,,,,,,
106013176,O,N,N,N,N,N,N,N,N,,,,,,,,,,,,,,,,,,,,,,,,,,,,,,,,,,,,,,,,,,,,,,,,,,,,,,,,,,,,,,,,,,,,,,,,,,,,,,,,,,,,,,,,,,,,,,,,,,,,,,,,,,,,,,,,,,,,,,,,,,,,,,,,,,,,,,,,,,,,,,,,,,,,,,,,,,,,,,,,,,,,,,,,,,,,,,,,,,,,,,,,,,,,,,,,,,,,
106013176,O,N,AMa,AMa,N,N,AMa,N,AMa,DMa,AMa,N,N,N,AMa,N,N,PJ,N,P,P,AMa,DMa,AMa,AMa,N,AMa,PJ,AMa,C,,,,,,,,,,,,,,,,,,,,,,,,,,,,,,,,,,,,,,,,,,,,,,,,,,,,,,,,,,,,,,,,,,,,,,,,,,,,,,,,,,,,,,,,,,,,,,,,,,,,,,,,,,,,,,,,,,,,,,,,,,,,,,,,,,,,,,,,,,,,,,,,,,,,,,,,,,,,,,,,,,,,,,,,,,,,,,,
106013176,O,PJ,PJ,PJ,AMa,N,N,N,N,N,P,P,AMa,P,P,P,P,P,P,P,P,P,P,P,P,P,P,P,N,N,N,N,N,N,N,N,N,N,N,N,N,N,N,N,N,N,N,N,,,,,,,,,,,,,,,,,,,,,,,,,,,,,,,,,,,,,,,,,,,,,,,,,,,,,,,,,,,,,,,,,,,,,,,,,,,,,,,,,,,,,,,,,,,,,,,,,,,,,,,,,,,,,,,,,,,,,,,,,,,,,,,,,,,,,,,,,,,,,,,,,,,,,,,,,,,,,
106013176,O,N,AMa,N,N,AMa,N,N,AMa,N,AMa,N,AMa,N,N,N,PJ,AMa,N,N,AMa,N,N,N,N,N,AMa,N,AMa,N,N,N,N,N,N,N,PJ,AMa,N,N,N,AMa,N,,,,,,,,,,,,,,,,,,,,,,,,,,,,,,,,,,,,,,,,,,,,,,,,,,,,,,,,,,,,,,,,,,,,,,,,,,,,,,,,,,,,,,,,,,,,,,,,,,,,,,,,,,,,,,,,,,,,,,,,,,,,,,,,,,,,,,,,,,,,,,,,,,,,,,,,,,,,,,,,,,
106013176,O,PJ,AMa,N,N,N,N,N,PJ,PJ,AMa,AMa,N,AMa,N,N,PJ,N,N,N,PJ,PJ,PJ,PJ,PJ,AMa,AMa,N,N,N,AMa,N,N,N,N,N,N,PJ,AMa,PJ,AMa,PJ,PJ,PJ,PJ,PJ,,,,,,,,,,,,,,,,,,,,,,,,,,,,,,,,,,,,,,,,,,,,,,,,,,,,,,,,,,,,,,,,,,,,,,,,,,,,,,,,,,,,,,,,,,,,,,,,,,,,,,,,,,,,,,,,,,,,,,,,,,,,,,,,,,,,,,,,,,,,,,,,,,,,,,,,,,,,,,,
106013170,O,N,N,N,N,N,P,N,N,,,,,,,,,,,,,,,,,,,,,,,,,,,,,,,,,,,,,,,,,,,,,,,,,,,,,,,,,,,,,,,,,,,,,,,,,,,,,,,,,,,,,,,,,,,,,,,,,,,,,,,,,,,,,,,,,,,,,,,,,,,,,,,,,,,,,,,,,,,,,,,,,,,,,,,,,,,,,,,,,,,,,,,,,,,,,,,,,,,,,,,,,,,,,,,,,,,,
